ID,IP,PORT
1,192.168.1.201,4210
2,192.168.1.202,4210
3,192.168.1.203,4210
4,192.168.1.204,4210
5,192.168.1.205,4210
6,192.168.1.206,4210
7,192.168.1.207,4210
8,192.168.1.208,4210
9,192.168.1.209,4210
10,192.168.1.210,4210
11,192.168.1.211,4210
12,192.168.1.212,4210
13,192.168.1.213,4210
14,192.168.1.214,4210
15,192.168.1.215,4210
16,192.168.1.216,4210
17,192.168.1.217,4210
18,192.168.1.218,4210
19,192.168.1.219,4210
20,192.168.1.220,4210
21,192.168.1.221,4210
22,192.168.1.222,4210
23,192.168.1.223,4210
24,192.168.1.87,4210
25,221.0.3.225,7777
26,221.0.3.226,7777
27,221.0.3.227,7777
28,221.0.3.228,7777
29,221.0.3.229,7777
30,221.0.3.230,7777
31,221.0.3.231,7777
32,221.0.3.232,7777
33,221.0.3.233,7777
34,221.0.3.234,7777
35,221.0.3.235,7777
